,Model,CC3M BLEU,CC3M METEOR,CC3M BERT,CC3M CLIP,COCO BLEU,COCO METEOR,COCO BERT,COCO CLIP
0,Official Model COCO,1.47,11.34,0.8678,0.273,31.59,28.17,0.9202,0.3016
1,Official Model Conceptual,6.72,17.61,0.8783,0.2908,10.66,13.44,0.8895,0.2938
2,LoRA,4.49,15.079999999999998,0.8769,0.2935,29.38,26.55,0.9203,0.3024
3,LoRA+DER,4.88,15.53,0.8777,0.2942,28.29,25.650000000000002,0.9191,0.3016
4,LoRA+DER++,5.56,16.29,0.8784,0.2948,28.610000000000003,25.77,0.9191,0.3021
